,corpus,Sentiment
0,wow love place,1
1,crust good,0
2,tasti textur nasti,0
3,stop late may bank holiday rick steve recommend love,1
4,select menu great price,1
5,get angri want damn pho,0
6,honeslti tast fresh,0
7,potato like rubber could tell made ahead time kept warmer,0
8,fri great,1
9,great touch,1
10,servic prompt,1
11,would go back,0
12,cashier care ever say still end wayyy overpr,0
13,tri cape cod ravoli chicken cranberri mmmm,1
14,disgust pretti sure human hair,0
15,shock sign indic cash,0
16,highli recommend,1
17,waitress littl slow servic,0
18,place worth time let alon vega,0
19,like,0
20,burritto blah,0
21,food amaz,1
22,servic also cute,1
23,could care less interior beauti,1
24,perform,1
25,right red velvet cake ohhh stuff good,1
26,never brought salad ask,0
27,hole wall great mexican street taco friendli staff,1
28,took hour get food tabl restaur food luke warm sever run around like total overwhelm,0
29,worst salmon sashimi,0
30,also combo like burger fri beer decent deal,1
31,like final blow,0
32,found place accid could happier,1
33,seem like good quick place grab bite familiar pub food favor look elsewher,0
34,overal like place lot,1
35,redeem qualiti restaur inexpens,1
36,ampl portion good price,1
37,poor servic waiter made feel like stupid everi time came tabl,0
38,first visit hiro delight,1
39,servic suck,0
40,shrimp tender moist,1
41,deal good enough would drag establish,0
42,hard judg whether side good gross melt styrofoam want eat fear get sick,0
43,posit note server attent provid great servic,1
44,frozen puck disgust worst peopl behind regist,0
45,thing like prime rib dessert section,1
46,bad food damn gener,0
47,burger good beef cook right,1
48,want sandwich go firehous,1
49,side greek salad greek dress tasti pita hummu refresh,1
50,order duck rare pink tender insid nice char outsid,1
51,came run us realiz husband left sunglass tabl,1
52,chow mein good,1
53,horribl attitud toward custom talk one custom enjoy food,0
54,portion huge,1
55,love friendli server great food wonder imagin menu,1
56,heart attack grill downtown vega absolut flat line excus restaur,0
57,much seafood like string pasta bottom,0
58,salad right amount sauc power scallop perfectli cook,1
59,rip banana rip petrifi tasteless,0
60,least think refil water struggl wave minut,0
61,place receiv star appet,1
62,cocktail handmad delici,1
63,definit go back,1
64,glad found place,1
65,great food servic huge portion give militari discount,1
66,alway great time do gringo,1
67,updat went back second time still amaz,1
68,got food appar never heard salt batter fish chewi,0
69,great way finish great,1
70,deal includ tast drink jeff went beyond expect,1
71,realli realli good rice time,1
72,servic meh,0
73,took min get milkshak noth chocol milk,0
74,guess known place would suck insid excalibur use common sens,0
75,scallop dish quit appal valu well,0
76,time bad custom servic,0
77,sweet potato fri good season well,1
78,today second time lunch buffet pretti good,1
79,much good food vega feel cheat wast eat opportun go rice compani,0
80,come like experienc underwhelm relationship parti wait person ask break,0
81,walk place smell like old greas trap other eat,0
82,turkey roast beef bland,0
83,place,1
84,pan cake everyon rave tast like sugari disast tailor palat six year old,0
85,love pho spring roll oh yummi tri,1
86,poor batter meat ratio made chicken tender unsatisfi,0
87,say food amaz,1
88,omelet die,1
89,everyth fresh delici,1
90,summari larg disappoint dine experi,0
91,like realli sexi parti mouth outrag flirt hottest person parti,1
92,never hard rock casino never ever step forward,0
93,best breakfast buffet,1
94,say bye bye tip ladi,0
95,never go,0
96,back,1
97,food arriv quickli,1
98,good,0
99,side cafe serv realli good food,1
100,server fantast found wife love roast garlic bone marrow ad extra meal anoth marrow go,1
101,good thing waiter help kept bloddi mari come,1
102,best buffet town price cannot beat,1
103,love mussel cook wine reduct duck tender potato dish delici,1
104,one better buffet,1
105,went tigerlilli fantast afternoon,1
106,food delici bartend attent person got great deal,1
107,ambienc wonder music play,1
108,go back next trip,1
109,sooooo good,1
110,real sushi lover let honest yama good,0
111,least min pass us order food arriv busi,0
112,realli fantast thai restaur definit worth visit,1
113,nice spici tender,1
114,good price,1
115,check,1
116,pretti gross,0
117,better atmospher,0
118,kind hard mess steak,0
119,although much like look sound place actual experi bit disappoint,0
120,know place manag serv blandest food ever eaten prepar indian cuisin,0
121,worst servic boot least worri,0
122,servic fine waitress friendli,1
123,guy steak steak love son steak best worst place said best steak ever eaten,1
124,thought ventur away get good sushi place realli hit spot night,1
125,host staff lack better word bitch,0
126,bland like place number reason want wast time bad review leav,0
127,phenomen food servic ambianc,1
128,return,0
129,definit worth ventur strip pork belli return next time vega,1
130,place way overpr mediocr food,0
131,penn vodka excel,1
132,good select food includ massiv meatloaf sandwich crispi chicken wrap delish tuna melt tasti burger,1
133,manag rude,0
134,delici nyc bagel good select cream chees real lox caper even,1
135,great subway fact good come everi subway meet expect,1
136,serious solid breakfast,1
137,one best bar food vega,1
138,extrem rude realli mani restaur would love dine weekend vega,0
139,drink never empti made realli great menu suggest,1
140,,0
141,waiter help friendli rare check us,0
142,husband ate lunch disappoint food servic,0
143,red curri much bamboo shoot tasti,0
144,nice blanket moz top feel like done cover subpar food,1
145,bathroom clean place well decor,1
146,menu alway chang food qualiti go servic extrem slow,0
147,servic littl slow consid serv peopl server food come slow pace,0
148,give thumb,0
149,watch waiter pay lot attent tabl ignor us,0
150,fianc came middl day greet seat right away,1
151,great restaur mandalay bay,1
152,wait forti five minut vain,0
153,crostini came salad stale,0
154,highlight great qualiti nigiri,1
155,staff friendli joint alway clean,1
156,differ cut piec day still wonder tender well well flavor,1
157,order voodoo pasta first time realli excel pasta sinc go gluten free sever year ago,1
158,place good,1
159,unfortun must hit bakeri leftov day everyth order stale,0
160,came back today sinc reloc still impress,0
161,seat immedi,1
162,menu divers reason price,1
163,avoid cost,0
164,restaur alway full never wait,1
165,delici,1
166,place hand one best place eat phoenix metro area,1
167,go look good food,0
168,never treat bad,0
169,bacon hella salti,1
170,also order spinach avocado salad ingredi sad dress liter zero tast,0
171,realli vega fine dine use right menu hand ladi price list,1
172,waitress friendli,1
173,lordi khao soi dish miss curri lover,1
174,everyth menu terrif also thrill made amaz accommod vegetarian daughter,1
175,perhap caught night judg review inspir go back,0
176,servic leav lot desir,0
177,atmospher modern hip maintain touch cozi,1
178,weekli haunt definit place come back everi,1
179,liter sat minut one ask take order,0
180,burger absolut flavor meat total bland burger overcook charcoal flavor,0
181,also decid send back waitress look like verg heart attack,0
182,dress treat rude,0
183,probabl dirt,0
184,love place hit spot want someth healthi lack quantiti flavor,1
185,order lemon raspberri ice cocktail also incred,1
186,food suck expect suck could imagin,0
187,interest decor,1
188,realli like crepe station,1
189,also serv hot bread butter home made potato chip bacon bit top origin good,1
190,watch prepar delici food,1
191,egg roll fantast,1
192,order arriv one gyro miss,0
193,salad wing ice cream dessert left feel quit satisfi,1
194,realli sure joey vote best hot dog valley reader phoenix magazin,0
195,best place go tasti bowl pho,1
196,live music friday total blow,0
197,never insult felt disrespect,0
198,friendli staff,1
199,worth drive,1
200,heard good thing place exceed everi hope could dream,1
201,food great serivc,1
202,warm beer help,0
203,great brunch spot,1
204,servic friendli invit,1
205,good lunch spot,1
206,live sinc first last time step foot place,0
207,worst experi ever,0
208,must night place,0
209,side delish mix mushroom yukon gold pure white corn beateou,1
210,bug never show would given sure side wall bug climb kitchen,0
211,minut wait salad realiz come time soon,0
212,friend love salmon tartar,1
213,go back,0
214,extrem tasti,1
215,waitress good though,1
216,soggi good,0
217,jamaican mojito delici,1
218,small worth price,0
219,food rich order accordingli,1
220,shower area outsid rins take full shower unless mind nude everyon see,0
221,servic bit lack,0
222,lobster bisqu bussel sprout risotto filet need salt pepper cours none tabl,0
223,hope bode go busi someon cook come,0
224,either cold enough flavor bad,0
225,love bacon wrap date,1
226,unbeliev bargain,1
227,folk otto alway make us feel welcom special,1
228,main also uninspir,0
229,place first pho amaz,1
230,wonder experi made place must stop whenev town,1
231,food bad enough enjoy deal world worst annoy drunk peopl,0
232,fun chef,1
233,order doubl cheeseburg got singl patti fall apart pictur upload yeah still suck,0
234,great place coupl drink watch sport event wall cover tv,1
235,possibl give zero star,0
236,descript said yum yum sauc anoth said eel sauc yet anoth said spici mayo well none roll sauc,0
237,say would hardest decis honestli dish tast suppos tast amaz,1
238,roll eye may stay sure go back tri,0
239,everyon attent provid excel custom servic,1
240,horribl wast time money,0
241,dish quit flavour,1
242,time side restaur almost empti excus,0
243,busi either also build freez cold,0
244,like review said pay eat place,0
245,drink took close minut come one point,0
246,serious flavor delight folk,1
247,much better ayc sushi place went vega,1
248,light dark enough set mood,1
249,base sub par servic receiv effort show gratitud busi go back,0
250,owner realli great peopl,1
251,noth privileg work eat,0
252,greek dress creami flavor,1
253,overal think would take parent place made similar complaint silent felt,0
254,pizza good peanut sauc tasti,1
255,tabl servic pretti fast,1
256,fantast servic,1
257,well would given godfath zero star possibl,0
258,know make,1
259,tough short flavor,0
260,hope place stick around,1
261,bar vega ever recal charg tap water,0
262,restaur atmospher exquisit,1
263,good servic clean inexpens boot,1
264,seafood fresh gener portion,1
265,plu buck,1
266,servic par either,0
267,thu far visit twice food absolut delici time,1
268,good year ago,1
269,self proclaim coffe cafe wildli disappoint,0
270,veggitarian platter world,1
271,cant go wrong food,1
272,beat,1
273,stop place madison ironman friendli kind staff,1
274,chef friendli good job,1
275,better dedic boba tea spot even jenni pho,0
276,like patio servic outstand,1
277,goat taco skimp meat wow flavor,1
278,think,0
279,mac salad pretti bland get,0
280,went bachi burger friend recommend disappoint,1
281,servic stink,0
282,wait wait,0
283,place qualiti sushi qualiti restaur,0
284,would definit recommend wing well pizza,1
285,great pizza salad,1
286,thing went wrong burn saganaki,0
287,wait hour breakfast could done time better home,0
288,place amaz,1
289,hate disagre fellow yelper husband disappoint place,0
290,wait hour never got either pizza mani around us came later,0
291,know slow,0
292,staff great food delish incred beer select,1
293,live neighborhood disappoint back conveni locat,0
294,know pull pork could soooo delici,1
295,get incred fresh fish prepar care,1
296,go gave star rate pleas know third time eat bachi burger write review,0
297,love fact everyth menu worth,1
298,never dine place,0
299,food excel servic good,1
300,good beer drink select good food select,1
301,pleas stay away shrimp stir fri noodl,0
302,potato chip order sad could probabl count mani chip box probabl around,0
303,food realli bore,0
304,good servic check,1
305,greedi corpor never see anoth dime,0
306,never ever go back,0
307,much like go back get pass atroci servic never return,0
308,summer dine charm outdoor patio delight,1
309,expect good,1
310,fantast food,1
311,order toast english muffin came untoast,0
312,food good,1
313,never go back,0
314,great food price high qualiti hous made,1
315,bu boy hand rude,0
316,point friend basic figur place joke mind make publicli loudli known,0
317,back good bbq lighter fare reason price tell public back old way,1
318,consid two us left full happi go wrong,1
319,bread made hous,1
320,downsid servic,0
321,also fri without doubt worst fri ever,0
322,servic except food good review,1
323,coupl month later return amaz meal,1
324,favorit place town shawarrrrrrma,1
325,black eye pea sweet potato unreal,1
326,disappoint,1
327,could serv vinaigrett may make better overal dish still good,1
328,go far mani place never seen restaur serv egg breakfast especi,0
329,mom got home immedi got sick bite salad,0
330,server pleasant deal alway honor pizza hut coupon,0
331,truli unbeliev good glad went back,1
332,fantast servic pleas atmospher,1
333,everyth gross,0
334,love place,1
335,great servic food,1
336,first bathroom locat dirti seat cover replenish plain yucki,0
337,burger got gold standard burger kind disappoint,0
338,omg food delicioso,1
339,noth authent place,0
340,spaghetti noth special whatsoev,0
341,dish salmon best great,1
342,veget fresh sauc feel like authent thai,1
343,worth drive tucson,1
344,select probabl worst seen vega none,0
345,pretti good beer select,1
346,place like chipotl better,1
347,classi warm atmospher fun fresh appet succul steak basebal steak,1
348,star brick oven bread app,1
349,eaten multipl time time food delici,1
350,sat anoth ten minut final gave left,0
351,terribl,0
352,everyon treat equal special,1
353,take min pancak egg,0
354,delici,1
355,good side staff genuin pleasant enthusiast real treat,1
356,sadli gordon ramsey steak place shall sharpli avoid next trip vega,0
357,alway even wonder food delici,1
358,best fish ever life,1
359,bathroom next door nice,1
360,buffet small food offer bland,0
361,outstand littl restaur best food ever tast,1
362,pretti cool would say,1
363,definit turn doubt back unless someon els buy,0
364,server great job handl larg rowdi tabl,1
365,find wast food despic food,0
366,wife lobster bisqu soup lukewarm,0
367,would come back sushi crave vega,1
368,staff great ambianc great,1
369,deserv star,1
370,left stomach ach felt sick rest day,0
371,drop ball,0
372,dine space tini elegantli decor comfort,1
373,custom order way like usual eggplant green bean stir fri love,1
374,bean rice mediocr best,0
375,best taco town far,1
376,took back money got outta,0
377,interest part town place amaz,1
378,rude inconsider manag,0
379,staff friendli wait time serv horribl one even say hi first minut,0
380,back,0
381,great dinner,1
382,servic outshin definit recommend halibut,1
383,food terribl,0
384,never ever go back told mani peopl happen,0
385,recommend unless car break front starv,0
386,come back everi time vega,1
387,place deserv one star food,0
388,disgrac,0
389,def come back bowl next time,1
390,want healthi authent ethic food tri place,1
391,continu come ladi night andddd date night highli recommend place anyon area,1
392,sever time past experi alway great,1
393,walk away stuf happi first vega buffet experi,1
394,servic excel price pretti reason consid vega locat insid crystal shop mall aria,1
395,summar food incred nay transcend noth bring joy quit like memori pneumat condiment dispens,1
396,probabl one peopl ever go ian like,0
397,kid pizza alway hit lot great side dish option kiddo,1
398,servic perfect famili atmospher nice see,1
399,cook perfect servic impecc,1
400,one simpli disappoint,0
401,overal disappoint qualiti food bouchon,0
402,account know get screw,0
403,great place eat remind littl mom pop shop san francisco bay area,1
404,today first tast buldogi gourmet hot dog tell ever thought possibl,1
405,left frustrat,0
406,definit soon,1
407,food realli good got full petti fast,1
408,servic fantast,1
409,total wast time,0
410,know kind best ice tea,1
411,come hungri leav happi stuf,1
412,servic give star,0
413,assur disappoint,1
414,take littl bad servic food suck,0
415,gave tri eat crust teeth still sore,0
416,complet gross,0
417,realli enjoy eat,1
418,first time go think quickli becom regular,1
419,server nice even though look littl overwhelm need stay profession friendli end,1
420,dinner companion told everyth fresh nice textur tast,1
421,ground right next tabl larg smear step track everywher pile green bird poop,0
422,furthermor even find hour oper websit,0
423,tri like place time think done,0
424,mistak,0
425,complaint,1
426,serious good pizza expert connisseur topic,1
427,waiter jerk,0
428,strike want rush,0
429,nicest restaur owner ever come across,1
430,never come,0
431,love biscuit,1
432,servic quick friendli,1
433,order appet took minut pizza anoth minut,0
434,absolutley fantast,1
435,huge awkward lb piec cow th gristl fat,0
436,definit come back,1
437,like steiner dark feel like bar,1
438,wow spici delici,1
439,familiar check,1
440,take busi dinner dollar elsewher,0
441,love go back,1
442,anyway fs restaur wonder breakfast lunch,1
443,noth special,0
444,day week differ deal delici,1
445,mention combin pear almond bacon big winner,1
446,back,0
447,sauc tasteless,0
448,food delici spici enough sure ask spicier prefer way,1
449,ribey steak cook perfectli great mesquit flavor,1
450,think go back anytim soon,0
451,food gooodd,1
452,far sushi connoisseur definit tell differ good food bad food certainli bad food,0
453,insult,0
454,last time lunch bad,0
455,chicken wing contain driest chicken meat ever eaten,0
456,food good enjoy everi mouth enjoy relax venu coupl small famili group etc,1
457,nargil think great,1
458,best tater tot southwest,1
459,love place,1
460,definit worth paid,0
461,vanilla ice cream creami smooth profiterol choux pastri fresh enough,1
462,im az time new spot,1
463,manag worst,0
464,insid realli quit nice clean,1
465,food outstand price reason,1
466,think run back carli anytim soon food,0
467,due fact took minut acknowledg anoth minut get food kept forget thing,0
468,love margarita,1
469,first vega buffet disappoint,1
470,good though,1
471,one note ventil could use upgrad,0
472,great pork sandwich,1
473,wast time,0
474,total letdown would much rather go camelback flower shop cartel coffe,0
475,third chees friend burger cold,0
476,enjoy pizza brunch,1
477,steak well trim also perfectli cook,1
478,group claim would handl us beauti,1
479,love,1
480,ask bill leav without eat bring either,0
481,place jewel la vega exactli hope find nearli ten year live,1
482,seafood limit boil shrimp crab leg crab leg definit tast fresh,0
483,select food best,0
484,delici absolut back,1
485,small famili restaur fine dine establish,1
486,toro tartar cavier extraordinari like thinli slice wagyu white truffl,1
487,dont think back long time,0
488,attach ga station rare good sign,0
489,awesom,1
490,back mani time soon,1
491,menu much good stuff could decid,1
492,wors humili worker right front bunch horribl name call,0
493,conclus fill meal,1
494,daili special alway hit group,1
495,tragedi struck,0
496,pancak also realli good pretti larg,1
497,first crawfish experi delici,1
498,monster chicken fri steak egg time favorit,1
499,waitress sweet funni,1
500,also tast mom multi grain pumpkin pancak pecan butter amaz fluffi delici,1
501,rather eat airlin food serious,0
502,cant say enough good thing place,1
503,ambianc incred,1
504,waitress manag friendli,1
505,would recommend place,0
506,overal impress noca,0
507,gyro basic lettuc,0
508,terribl servic,0
509,thoroughli disappoint,0
510,much pasta love homemad hand made pasta thin pizza,1
511,give tri happi,1
512,far best cheesecurd ever,1
513,reason price also,1
514,everyth perfect night,1
515,food good typic bar food,1
516,drive get,0
517,first glanc love bakeri cafe nice ambianc clean friendli staff,1
518,anyway think go back,0
519,point finger item menu order disappoint,1
520,oh thing beauti restaur,1
521,gone go,1
522,greasi unhealthi meal,0
523,first time might last,0
524,burger amaz,1
525,similarli deliveri man say word apolog food minut late,0
526,way expens,0
527,sure order dessert even need pack go tiramisu cannoli die,1
528,first time wait next,1
529,bartend also nice,1
530,everyth good tasti,1
531,place two thumb way,1
532,best place vega breakfast check sat sun,1
533,love authent mexican food want whole bunch interest yet delici meat choos need tri place,1
534,terribl manag,0
535,excel new restaur experienc frenchman,1
536,zero star would give zero star,0
537,great steak great side great wine amaz dessert,1
538,worst martini ever,0
539,steak shrimp opinion best entre gc,1
540,opportun today sampl amaz pizza,1
541,wait thirti minut seat although vacant tabl folk wait,0
542,yellowtail carpaccio melt mouth fresh,1
543,tri go back even empti,0
544,go eat potato found stranger hair,0
545,spici enough perfect actual,1
546,last night second time dine happi decid go back,1
547,even hello right,0
548,dessert bit strang,0
549,boyfriend came first time recent trip vega could pleas qualiti food servic,1
550,realli recommend place go wrong donut place,1
551,nice ambianc,1
552,would recommend save room,1
553,guess mayb went night disgrac,0
554,howev recent experi particular locat good,0
555,know like restaur someth,0
556,avoid establish,0
557,think restaur suffer tri hard enough,0
558,tapa dish delici,1
559,heart place,1
560,salad bland vinegrett babi green heart palm,0
561,two felt disgust,0
562,good time,1
563,believ place great stop huge belli hanker sushi,1
564,gener portion great tast,1
565,never go back place never ever recommend place anyon,0
566,server went back forth sever time even much help,0
567,food delici,1
568,hour serious,0
569,consid theft,0
570,eew locat need complet overhaul,0
571,recent wit poor qualiti manag toward guest well,0
572,wait wait wait,0
573,also came back check us regularli excel servic,1
574,server super nice check us mani time,1
575,pizza tast old super chewi good way,0
576,swung give tri deepli disappoint,0
577,servic good compani better,1
578,staff also friendli effici,1
579,servic fan quick serv nice folk,1
580,boy sucker dri,0
581,rate,0
582,look authent thai food go els,0
583,steak recommend,1
584,pull car wait anoth minut acknowledg,0
585,great food great servic clean friendli set,1
586,assur back,1
587,hate thing much cheap qualiti black oliv,0
588,breakfast perpar great beauti present giant slice toast lightli dust powder sugar,1
589,kid play area nasti,0
590,great place fo take eat,1
591,waitress friendli happi accomod vegan veggi option,1
592,omg felt like never eaten thai food dish,1
593,extrem crumbi pretti tasteless,0
594,pale color instead nice char flavor,0
595,crouton also tast homemad extra plu,1
596,got home see driest damn wing ever,0
597,regular stop trip phoenix,1
598,realli enjoy crema caf expand even told friend best breakfast,1
599,good money,0
600,miss wish one philadelphia,1
601,got sit fairli fast end wait minut place order anoth minut food arriv,0
602,also best chees crisp town,1
603,good valu great food great servic,1
604,ask satisfi meal,1
605,food good,1
606,awesom,1
607,want leav,0
608,made drive way north scottsdal one bit disappoint,1
609,eat,0
610,owner realli realli need quit soooooo cheap let wrap freak sandwich two paper one,0
611,check place coupl year ago impress,0
612,chicken got definit reheat ok wedg cold soggi,0
613,sorri get food anytim soon,0
614,absolut must visit,1
615,cow tongu cheek taco amaz,1
616,friend like bloodi mari,0
617,despit hard rate busi actual rare give star,0
618,realli want make experi good one,1
619,return,0
620,chicken pho tast bland,0
621,disappoint,0
622,grill chicken tender yellow saffron season,1
623,drive thru mean want wait around half hour food somehow end go make us wait wait,0
624,pretti awesom place,1
625,ambienc perfect,1
626,best luck rude non custom servic focus new manag,0
627,grandmoth make roast chicken better one,0
628,ask multipl time wine list time ignor went hostess got one,0
629,staff alway super friendli help especi cool bring two small boy babi,1
630,four star food guy blue shirt great vibe still let us eat,1
631,roast beef sandwich tast realli good,1
632,even drastic sick,0
633,high qualiti chicken chicken caesar salad,1
634,order burger rare came done,0
635,promptli greet seat,1
636,tri go lunch madhous,0
637,proven dead wrong sushi bar qualiti great servic fast food impecc,1
638,wait hour seat greatest mood,0
639,good joint,1
640,macaron insan good,1
641,eat,0
642,waiter attent friendli inform,1
643,mayb cold would somewhat edibl,0
644,place lot promis fail deliv,0
645,bad experi,0
646,mistak,0
647,food averag best,0
648,great food,1
649,go back anytim soon,0
650,disappoint order big bay plater,0
651,great place relax awesom burger beer,1
652,perfect sit famili meal get togeth friend,1
653,much flavor poorli construct,0
654,patio seat comfort,1
655,fri rice dri well,0
656,hand favorit italian restaur,1
657,scream legit book somethat also pretti rare vega,1
658,fun experi,1
659,atmospher great love duo violinist play song request,1
660,person love hummu pita baklava falafel baba ganoush amaz eggplant,1
661,conveni sinc stay mgm,1
662,owner super friendli staff courteou,1
663,great,1
664,eclect select,1
665,sweet potato tot good onion ring perfect close,1
666,staff attent,1
667,chef gener time even came around twice take pictur,1
668,owner use work nobu place realli similar half price,1
669,googl mediocr imagin smashburg pop,0
670,dont go,0
671,promis disappoint,1
672,sushi lover avoid place mean,0
673,great doubl cheeseburg,1
674,awesom servic food,1
675,fantast neighborhood gem,1
676,wait go back,1
677,plantain worst ever tast,0
678,great place highli recommend,1
679,servic slow attent,0
680,gave star give star,1
681,staff spend time talk,0
682,dessert panna cotta amaz,1
683,good food great atmospher,1
684,damn good steak,1
685,total brunch fail,0
686,price reason flavor spot sauc home made slaw drench mayo,1
687,decor nice piano music soundtrack pleasant,1
688,steak amaz rge fillet relleno best seafood plate ever,1
689,good food good servic,1
690,absolut amaz,1
691,probabl back honest,0
692,definit back,1
693,sergeant pepper beef sandwich auju sauc excel sandwich well,1
694,hawaiian breez mango magic pineappl delight smoothi tri far good,1
695,went lunch servic slow,0
696,much say place walk expect amaz quickli disappoint,0
697,mortifi,0
698,needless say never back,0
699,anyway food definit fill price pay expect,0
700,chip came drip greas mostli edibl,0
701,realli impress strip steak,0
702,go sinc everi meal awesom,1
703,server nice attent serv staff,1
704,cashier friendli even brought food,1
705,work hospit industri paradis valley refrain recommend cibo longer,0
706,atmospher fun,1
707,would recommend other,0
708,servic quick even go order like like,1
709,mean realli get famou fish chip terribl,0
710,said mouth belli still quit pleas,1
711,thing,0
712,thumb,1
713,read pleas go,0
714,love grill pizza remind legit italian pizza,1
715,pro larg seat area nice bar area great simpl drink menu best brick oven pizza homemad dough,1
716,realli nice atmospher,1
717,tonight elk filet special suck,0
718,one bite hook,1
719,order old classic new dish go time sore disappoint everyth,0
720,cute quaint simpl honest,1
721,chicken delici season perfect fri outsid moist chicken insid,1
722,food great alway compliment chef,1
723,special thank dylan recommend order yummi tummi,1
724,awesom select beer,1
725,great food awesom servic,1
726,one nice thing ad gratuiti bill sinc parti larger expect tip,1
727,fli appl juic fli,0
728,han nan chicken also tasti,1
729,servic thought good,1
730,food bare lukewarm must sit wait server bring us,0
731,ryan bar definit one edinburgh establish revisit,0
732,nicest chines restaur,1
733,overal like food servic,1
734,also serv indian naan bread hummu spici pine nut sauc world,1
735,probabl never come back recommend,0
736,friend pasta also bad bare touch,0
737,tri airport experi tasti food speedi friendli servic,1
738,love decor chines calligraphi wall paper,1
739,never anyth complain,1
740,restaur clean famili restaur feel,1
741,way fri,0
742,sure long stood long enough begin feel awkwardli place,0
743,open sandwich impress good way,0
744,back,0
745,warm feel servic felt like guest special treat,1
746,extens menu provid lot option breakfast,1
747,alway order vegetarian menu dinner wide array option choos,1
748,watch price inflat portion get smaller manag attitud grow rapidli,0
749,wonder lil tapa ambienc made feel warm fuzzi insid,1
750,got enjoy seafood salad fabul vinegrett,1
751,wonton thin thick chewi almost melt mouth,1
752,level spici perfect spice whelm soup,1
753,sat right time server get go fantast,1
754,main thing enjoy crowd older crowd around mid,0
755,side town definit spot hit,1
756,wait minut get drink longer get arepa,0
757,great place eat,1
758,jalapeno bacon soooo good,1
759,servic poor that nice,0
760,food good servic good price good,1
761,place clean food oh stale,0
762,chicken dish ok beef like shoe leather,0
763,servic beyond bad,0
764,happi,1
765,tast like dirt,0
766,one place phoenix would defin go back,1
767,block amaz,1
768,close hous low key non fanci afford price good food,1
769,hot sour egg flower soup absolut star,1
770,sashimi poor qualiti soggi tasteless,0
771,great time famili dinner sunday night,1
772,food tasti say real tradit hunan style,0
773,bother slow servic,0
774,flair bartend absolut amaz,1
775,frozen margarita way sugari tast,0
776,good order twice,1
777,nutshel restaraunt smell like combin dirti fish market sewer,0
778,girlfriend veal bad,0
779,unfortun good,0
780,pretti satifi experi,1
781,join club get awesom offer via email,1
782,perfect someon like beer ice cold case even colder,1
783,bland flavorless good way describ bare tepid meat,0
784,chain fan beat place easili,0
785,nacho must,1
786,come back,0
787,mani word say place everyth pretti well,1
788,staff super nice quick even crazi crowd downtown juri lawyer court staff,1
789,great atmospher friendli fast servic,1
790,receiv pita huge lot meat thumb,1
791,food arriv meh,0
792,pay hot dog fri look like came kid meal wienerschnitzel idea good meal,0
793,classic main lobster roll fantast,1
794,brother law work mall ate day guess sick night,0
795,good go review place twice herea tribut place tribut event held last night,1
796,chip salsa realli good salsa fresh,1
797,place great,1
798,mediocr food,0
799,get insid impress place,1
800,super pissd,0
801,servic super friendli,1
802,sad littl veget overcook,0
803,place nice surpris,1
804,golden crispi delici,1
805,high hope place sinc burger cook charcoal grill unfortun tast fell flat way flat,0
806,could eat bruschetta day devin,1
807,singl employe came see ok even need water refil final serv us food,0
808,lastli mozzarella stick best thing order,1
809,first time ever came amaz experi still tell peopl awesom duck,1
810,server neglig need made us feel unwelcom would suggest place,0
811,servic terribl though,0
812,place overpr consist boba realli overpr,0
813,pack,0
814,love place,1
815,say dessert yummi,1
816,food terribl,0
817,season fruit fresh white peach pure,1
818,kept get wors wors offici done,0
819,place honestli blown,0
820,definit would eat,0
821,wast money,0
822,love put food nice plastic contain oppos cram littl paper takeout box,1
823,cr pe delic thin moist,1
824,aw servic,0
825,ever go,0
826,food qualiti horribl,0
827,price think place would much rather gone,0
828,servic fair best,0
829,love sushi found kabuki price hip servic,0
830,favor stay away dish,0
831,poor servic,0
832,one tabl thought food averag worth wait,0
833,best servic food ever maria server good friendli made day,1
834,excel,1
835,paid bill tip felt server terribl job,0
836,lunch great experi,1
837,never bland food surpris consid articl read focus much spice flavor,0
838,food way overpr portion fuck small,0
839,recent tri caballero back everi week sinc,1
840,buck head realli expect better food,0
841,food came good pace,1
842,ate twice last visit especi enjoy salmon salad,1
843,back,0
844,could believ dirti oyster,0
845,place deserv star,0
846,would recommend place,0
847,fact go round star awesom,1
848,disbelief dish qualifi worst version food ever tast,0
849,bad day low toler rude custom servic peopl job nice polit wash dish otherwis,0
850,potato great biscuit,1
851,probabl would go,0
852,flavor perfect amount heat,1
853,price reason servic great,1
854,wife hate meal coconut shrimp friend realli enjoy meal either,0
855,fella got huevo ranchero look appeal,0
856,went happi hour great list wine,1
857,may say buffet pricey think get pay place get quit lot,1
858,probabl come back,0
859,worst food servic,0
860,place pretti good nice littl vibe restaur,1
861,talk great custom servic cours back,1
862,hot dish hot cold dish close room temp watch staff prepar food bare hand glove everyth deep fri oil,0
863,love fri bean,1
864,alway pleasur deal,1
865,plethora salad sandwich everyth tri get seal approv,1
866,place awesom want someth light healthi summer,1
867,sushi strip place go,1
868,servic great even manag came help tabl,1
869,feel dine room colleg cook cours high class dine servic slow best,0
870,start review two star edit give one,0
871,worst sushi ever eat besid costco,0
872,excel restaur highlight great servic uniqu menu beauti set,1
873,boyfriend sat bar complet delight experi,1
874,weird vibe owner,0
875,hardli meat,0
876,better bagel groceri store,0
877,go place gyro,1
878,love owner chef one authent japanes cool dude,1
879,burger good pizza use amaz doughi flavorless,0
880,found six inch long piec wire salsa,0
881,servic terribl food mediocr,0
882,defin enjoy,1
883,order albondiga soup warm tast like tomato soup frozen meatbal,0
884,three differ occas ask well done medium well three time got bloodiest piec meat plate,0
885,two bite refus eat anymor,0
886,servic extrem slow,0
887,minut wait got tabl,0
888,serious killer hot chai latt,1
889,allergi warn menu waitress absolut clue meal contain peanut,0
890,boyfriend tri mediterranean chicken salad fell love,1
891,rotat beer tap also highlight place,1
892,price bit concern mellow mushroom,0
893,worst thai ever,0
894,stay vega must get breakfast least,1
895,want first say server great perfect servic,1
896,pizza select good,1
897,strawberri tea good,1
898,highli unprofession rude loyal patron,0
899,overal great experi,1
900,spend money elsewher,0
901,regular toast bread equal satisfi occasion pat butter mmmm,1
902,buffet bellagio far anticip,0
903,drink weak peopl,0
904,order correct,0
905,also feel like chip bought made hous,0
906,disappoint dinner went elsewher dessert,0
907,chip sal amaz,1
908,return,0
909,new fav vega buffet spot,1
910,serious cannot believ owner mani unexperienc employe run around like chicken head cut,0
911,sad,0
912,felt insult disrespect could talk judg anoth human like,0
913,call steakhous properli cook steak understand,0
914,impress concept food,0
915,thing crazi guacamol like pur ed,0
916,realli noth postino hope experi better,0
917,got food poison buffet,0
918,brought fresh batch fri think yay someth warm,0
919,hilari yummi christma eve dinner rememb biggest fail entir trip us,0
920,needless say go back anytim soon,0
921,place disgust,0
922,everi time eat see care teamwork profession degre,1
923,ri style calamari joke,0
924,howev much garlic fondu bare edibl,0
925,could bare stomach meal complain busi lunch,0
926,bad lost heart finish,0
927,also took forev bring us check ask,0
928,one make scene restaur get definit lost love one,0
929,disappoint experi,0
930,food par denni say good,0
931,want wait mediocr food downright terribl servic place,0
932,waaaaaayyyyyyyyyi rate say,0
933,go back,0
934,place fairli clean food simpli worth,0
935,place lack style,0
936,sangria half glass wine full ridicul,0
937,bother come,0
938,meat pretti dri slice brisket pull pork,0
939,build seem pretti neat bathroom pretti trippi eat,0
940,equal aw,0
941,probabl hurri go back,0
942,slow seat even reserv,0
943,good stretch imagin,0
944,cashew cream sauc bland veget undercook,0
945,chipolt ranch dip saus tasteless seem thin water heat,0
946,bit sweet realli spici enough lack flavor,0
947,disappoint,0
948,place horribl way overpr,0
949,mayb vegetarian fare twice thought averag best,0
950,busi know,0
951,tabl outsid also dirti lot time worker alway friendli help menu,0
952,ambianc feel like buffet set douchey indoor garden tea biscuit,0
953,con spotti servic,0
954,fri hot neither burger,0
955,came back cold,0
956,food came disappoint ensu,0
957,real disappoint waiter,0
958,husband said rude even apolog bad food anyth,0
959,reason eat would fill night bing drink get carb stomach,0
960,insult profound deuchebaggeri go outsid smoke break serv solidifi,0
961,someon order two taco think may part custom servic ask combo ala cart,0
962,quit disappoint although blame need place door,0
963,rave review wait eat disappoint,0
964,del taco pretti nasti avoid possibl,0
965,hard make decent hamburg,0
966,like,0
967,hell go back,0
968,gotten much better servic pizza place next door servic receiv restaur,0
969,know big deal place back ya,0
970,immedi said want talk manag want talk guy shot firebal behind bar,0
971,ambianc much better,0
972,unfortun set us disapppoint entre,0
973,food good,0
974,server suck wait correct server heimer suck,0
975,happen next pretti put,0
976,bad caus know famili own realli want like place,0
977,overpr get,0
978,vomit bathroom mid lunch,0
979,kept look time soon becom minut yet still food,0
980,place eat circumst would ever return top list,0
981,start tuna sashimi brownish color obvious fresh,0
982,food averag,0
983,sure beat nacho movi would expect littl bit come restaur,0
984,ha long bay bit flop,0
985,problem charg sandwich bigger subway sub offer better amount veget,0
986,shrimp unwrap live mile brushfir liter ice cold,0
987,lack flavor seem undercook dri,0
988,realli impress place close,0
989,would avoid place stay mirag,0
990,refri bean came meal dri crusti food bland,0
991,spend money time place els,0
992,ladi tabl next us found live green caterpillar salad,0
993,present food aw,0
994,tell disappoint,0
995,think food flavor textur lack,0
996,appetit instantli gone,0
997,overal impress would go back,0
998,whole experi underwhelm think go ninja sushi next time,0
999,wast enough life pour salt wound draw time took bring check,0
